Drug_Class ,AA_Position,Normal,Resistant
PI,24,L,I
PI,32,V,I
PI,46,M,IL
PI,47,I,VA
PI,48,G,VM
PI,50,I,LV
PI,54,I,VTALM
PI,76,L,V
PI,82,V,ATSF
PI,84,I,V
PI,88,N,S
PI,90,L,M
NRTI,41,M,L
NRTI,65,K,R
NRTI,67,D,N
NRTI,70,K,ER
NRTI,74,L,IV
NNRTI,100,L,I 
NNRTI,101,K,PEH
NNRTI,103,K,NS
NNRTI,106,V,AM
NRTI,115,Y,F
NNRTI,138,E,KAGQ
NRTI,151,Q,M
NNRTI,179,V,DEF
NNRTI,181,Y,CIV
NRTI,184,M,IV
NNRTI,188,Y,LCH
NNRTI,190,G,ASEQ
NRTI,210,L,W
NRTI,215,T,YF
NRTI,219,K,QE
NNRTI,227,F,LC